code_dept,nom_dept,prefecture,lat,lon,niveau_int,niveau_text,n_arretes
01,Ain,Bourg-en-Bresse,46.2027,5.2469,3,alerte_renforcee,1
02,Aisne,Laon,49.5711,3.613,2,alerte,5
04,Alpes-de-Haute-Provence,Digne-les-Bains,44.0954,6.2495,3,alerte_renforcee,1
05,Hautes-Alpes,Gap,44.5797,6.0616,3,alerte_renforcee,3
06,Alpes-Maritimes,Nice,43.7032,7.2528,4,crise,1
07,Ardèche,Privas,44.7214,4.5949,3,alerte_renforcee,1
08,Ardennes,Charleville-Mézières,49.7802,4.7304,3,alerte_renforcee,3
10,Aube,Troyes,48.2924,4.0761,2,alerte,2
11,Aude,Carcassonne,43.2078,2.3491,3,alerte_renforcee,2
12,Aveyron,Rodez,44.3591,2.5699,3,alerte_renforcee,1
13,Bouches-du-Rhône,Marseille,43.2803,5.3806,4,crise,1
14,Calvados,Caen,49.1846,-0.3722,2,alerte,1
15,Cantal,Aurillac,44.9281,2.4416,4,crise,1
16,Charente,Angoulême,45.6458,0.145,4,crise,5
17,Charente-Maritime,La Rochelle,46.162,-1.1765,3,alerte_renforcee,2
18,Cher,Bourges,47.078,2.3983,4,crise,1
19,Corrèze,Tulle,45.2685,1.7663,1,vigilance,1
21,Côte-d'Or,Dijon,47.3319,5.0322,3,alerte_renforcee,1
22,Côtes-d'Armor,Saint-Brieuc,48.5108,-2.7657,1,vigilance,2
23,Creuse,Guéret,46.1585,1.8705,2,alerte,1
24,Dordogne,Périgueux,45.1939,0.7105,4,crise,2
25,Doubs,Besançon,47.2602,6.0123,3,alerte_renforcee,4
26,Drôme,Valence,44.9234,4.9164,3,alerte_renforcee,4
28,Eure-et-Loir,Chartres,48.4481,1.5046,4,crise,1
29,Finistère,Quimper,47.9982,-4.0972,1,vigilance,1
2A,Corse-du-Sud,Ajaccio,41.9228,8.7058,2,alerte,1
2B,Haute-Corse,Bastia,42.6861,9.424,3,alerte_renforcee,1
30,Gard,Nîmes,43.8322,4.3429,3,alerte_renforcee,1
31,Haute-Garonne,Toulouse,43.6007,1.4328,4,crise,1
32,Gers,Auch,43.6602,0.5673,4,crise,4
33,Gironde,Bordeaux,44.8624,-0.5848,3,alerte_renforcee,1
34,Hérault,Montpellier,43.61,3.8742,3,alerte_renforcee,1
35,Ille-et-Vilaine,Rennes,48.1159,-1.6884,2,alerte,1
36,Indre,Châteauroux,46.8023,1.6903,4,crise,1
37,Indre-et-Loire,Tours,47.3943,0.6949,4,crise,3
38,Isère,Grenoble,45.1842,5.7155,3,alerte_renforcee,4
39,Jura,Lons-le-Saunier,46.6758,5.5574,3,alerte_renforcee,1
40,Landes,Mont-de-Marsan,43.8931,-0.5009,4,crise,7
41,Loir-et-Cher,Blois,47.5813,1.3049,3,alerte_renforcee,1
42,Loire,Saint-Étienne,45.4241,4.3665,3,alerte_renforcee,1
43,Haute-Loire,Le Puy-en-Velay,45.0283,3.8973,2,alerte,1
44,Loire-Atlantique,Nantes,47.2382,-1.5603,4,crise,2
45,Loiret,Orléans,47.8734,1.9122,4,crise,2
46,Lot,Cahors,44.4565,1.439,4,crise,1
47,Lot-et-Garonne,Agen,44.201,0.6302,4,crise,1
48,Lozère,Mende,44.5349,3.4909,3,alerte_renforcee,1
49,Maine-et-Loire,Angers,47.4819,-0.5629,4,crise,1
50,Manche,Saint-Lô,49.1123,-1.0812,2,alerte,1
51,Marne,Châlons-en-Champagne,48.9656,4.3801,2,alerte,1
53,Mayenne,Laval,48.0578,-0.7692,3,alerte_renforcee,1
54,Meurthe-et-Moselle,Nancy,48.6881,6.1734,2,alerte,3
55,Meuse,Bar-le-Duc,48.7628,5.1732,2,alerte,1
56,Morbihan,Vannes,47.6577,-2.7485,4,crise,2
57,Moselle,Metz,49.1048,6.1962,2,alerte,4
58,Nièvre,Nevers,46.9852,3.1598,2,alerte,1
59,Nord,Lille,50.6311,3.0468,3,alerte_renforcee,2
61,Orne,Alençon,48.431,0.0923,1,vigilance,1
62,Pas-de-Calais,Arras,50.2893,2.7679,2,alerte,2
64,Pyrénées-Atlantiques,Pau,43.3219,-0.3435,4,crise,10
65,Hautes-Pyrénées,Tarbes,43.2387,0.0653,4,crise,2
66,Pyrénées-Orientales,Perpignan,42.699,2.9045,3,alerte_renforcee,1
67,Bas-Rhin,Strasbourg,48.5691,7.7621,1,vigilance,2
68,Haut-Rhin,Colmar,48.1115,7.3924,3,alerte_renforcee,6
69,Rhône,Lyon,45.758,4.8351,3,alerte_renforcee,3
70,Haute-Saône,Vesoul,47.6323,6.1523,3,alerte_renforcee,2
71,Saône-et-Loire,Mâcon,46.3265,4.8083,1,vigilance,2
72,Sarthe,Le Mans,47.9819,0.1957,4,crise,1
73,Savoie,Chambéry,45.5822,5.9064,3,alerte_renforcee,1
74,Haute-Savoie,Annecy,45.9024,6.1264,2,alerte,9
76,Seine-Maritime,Rouen,49.4412,1.0912,1,vigilance,2
78,Yvelines,Versailles,48.8039,2.1191,1,vigilance,1
79,Deux-Sèvres,Niort,46.3274,-0.4613,4,crise,24
80,Somme,Amiens,49.8987,2.2847,1,vigilance,1
81,Tarn,Albi,43.929,2.1323,4,crise,8
82,Tarn-et-Garonne,Montauban,44.0217,1.3646,4,crise,1
83,Var,Toulon,43.1364,5.9334,4,crise,6
84,Vaucluse,Avignon,43.9416,4.8333,3,alerte_renforcee,3
85,Vendée,La Roche-sur-Yon,46.6659,-1.4162,4,crise,3
86,Vienne,Poitiers,46.5846,0.3715,4,crise,7
87,Haute-Vienne,Limoges,45.8567,1.226,1,vigilance,1
88,Vosges,Épinal,48.1637,6.4867,3,alerte_renforcee,4
89,Yonne,Auxerre,47.7939,3.5821,2,alerte,1
90,Territoire de Belfort,Belfort,47.6458,6.841,2,alerte,1
91,Essonne,Évry-Courcouronnes,48.6287,2.4313,2,alerte,2
94,Val-de-Marne,Créteil,48.7845,2.4523,1,vigilance,1
95,Val-d'Oise,Pontoise,49.0488,2.0996,2,alerte,1
